timestamp,latitude,longitude,altitude
0.0,36.3058634,120.4968604,0.0
0.1,36.3058633,120.4968603,0.0
0.2,36.3058633,120.4968604,0.0
0.3,36.3058633,120.4968603,0.0
0.4,36.3058633,120.4968603,0.0
0.5,36.3058633,120.4968603,0.0
0.6,36.3058633,120.4968604,0.0
0.7,36.3058633,120.4968603,0.0
0.8,36.3058633,120.4968604,0.0
0.9,36.3058634,120.4968603,0.0
1.0,36.3058633,120.4968604,0.0
1.1,36.3058633,120.4968604,0.0
1.2,36.3058633,120.4968603,0.0
1.3,36.3058633,120.4968603,0.0
1.4,36.3058633,120.4968603,0.0
1.5,36.3058633,120.4968603,0.0
1.6,36.3058633,120.4968603,0.0
1.7,36.3058633,120.4968604,0.0
1.8,36.3058634,120.4968603,0.0
1.9,36.3058633,120.4968603,0.0
2.0,36.3058634,120.4968603,0.0
2.1,36.3058633,120.4968603,0.0
2.2,36.3058633,120.4968603,0.0
2.3,36.3058634,120.4968604,0.0
2.4,36.3058633,120.4968603,0.0
2.5,36.3058633,120.4968604,0.0
2.6,36.3058633,120.4968604,0.0
2.7,36.3058633,120.4968604,0.0
2.8,36.3058633,120.4968603,0.0
2.9,36.3058633,120.4968603,0.0
3.0,36.3058633,120.4968603,0.0
3.1,36.3058633,120.4968603,0.0
3.2,36.3058633,120.4968604,0.0
3.3,36.3058633,120.4968604,0.0
3.4,36.3058632,120.4968605,0.0
3.5,36.3058631,120.4968605,0.0
3.6,36.305863,120.4968606,0.0
3.7,36.305863,120.4968606,0.0
3.8,36.3058629,120.4968606,0.0
3.9,36.3058627,120.4968607,0.0
4.0,36.3058625,120.4968608,0.0
4.1,36.3058622,120.4968611,0.0
4.2,36.3058618,120.4968613,0.0
4.3,36.3058615,120.4968614,0.0
4.4,36.3058612,120.4968614,0.0
4.5,36.305861,120.4968616,0.0
4.6,36.3058608,120.4968618,0.0
4.7,36.3058605,120.4968619,0.0
4.8,36.3058602,120.496862,0.0
4.9,36.3058599,120.4968621,0.0
5.0,36.3058597,120.4968624,0.0
5.1,36.3058594,120.4968625,0.0
5.2,36.3058591,120.4968627,0.0
5.3,36.3058588,120.4968628,0.0
5.4,36.3058585,120.4968629,0.0
5.5,36.3058583,120.4968631,0.0
5.6,36.305858,120.4968632,0.0
5.7,36.3058577,120.4968633,0.0
5.8,36.3058574,120.4968635,0.0
5.9,36.3058571,120.4968637,0.0
6.0,36.3058569,120.4968638,0.0
6.1,36.3058566,120.4968639,0.0
6.2,36.3058563,120.4968641,0.0
6.3,36.3058561,120.4968642,0.0
6.4,36.3058558,120.4968644,0.0
6.5,36.3058555,120.4968645,0.0
6.6,36.3058552,120.4968646,0.0
6.7,36.305855,120.4968648,0.0
6.8,36.3058547,120.496865,0.0
6.9,36.3058544,120.496865,0.0
7.0,36.3058541,120.4968652,0.0
7.1,36.3058538,120.4968653,0.0
7.2,36.3058536,120.4968655,0.0
7.3,36.3058533,120.4968656,0.0
7.4,36.305853,120.4968657,0.0
7.5,36.3058527,120.4968659,0.0
7.6,36.3058524,120.496866,0.0
7.7,36.3058522,120.4968661,0.0
7.8,36.3058519,120.4968663,0.0
7.9,36.3058516,120.4968664,0.0
8.0,36.3058514,120.4968665,0.0
8.1,36.3058511,120.4968666,0.0
8.2,36.3058508,120.4968668,0.0
8.3,36.3058503,120.496867,0.0
8.4,36.3058498,120.4968672,0.0
8.5,36.3058493,120.4968674,0.0
8.6,36.3058489,120.4968676,0.0
8.7,36.3058484,120.4968678,0.0
8.8,36.305848,120.496868,0.0
8.9,36.3058476,120.4968682,0.0
9.0,36.3058472,120.4968684,0.0
9.1,36.3058468,120.4968685,0.0
9.2,36.3058464,120.4968687,0.0
9.3,36.3058459,120.496869,0.0
9.4,36.3058455,120.4968691,0.0
9.5,36.3058451,120.4968693,0.0
9.6,36.3058447,120.4968695,0.0
9.7,36.3058443,120.4968697,0.0
9.8,36.3058438,120.4968699,0.0
9.9,36.3058434,120.4968701,0.0
10.0,36.305843,120.4968703,0.0
10.1,36.3058425,120.4968704,0.0
10.2,36.3058421,120.4968706,0.0
10.3,36.3058417,120.4968707,0.0
10.4,36.3058413,120.4968709,0.0
10.5,36.3058408,120.4968711,0.0
10.6,36.3058404,120.4968712,0.0
10.7,36.30584,120.4968714,0.0
10.8,36.3058395,120.4968715,0.0
10.9,36.3058391,120.4968717,0.0
11.0,36.3058386,120.4968718,0.0
11.1,36.3058382,120.4968719,0.0
11.2,36.3058378,120.4968722,0.0
11.3,36.3058373,120.4968723,0.0
11.4,36.3058369,120.4968724,0.0
11.5,36.3058365,120.4968726,0.0
11.6,36.305836,120.4968728,0.0
11.7,36.3058356,120.496873,0.0
11.8,36.3058351,120.4968731,0.0
11.9,36.3058347,120.4968733,0.0
12.0,36.3058343,120.4968735,0.0
12.1,36.3058339,120.4968737,0.0
12.2,36.3058334,120.4968738,0.0
12.3,36.305833,120.496874,0.0
12.4,36.3058326,120.4968742,0.0
12.5,36.3058321,120.4968744,0.0
12.6,36.3058317,120.4968746,0.0
12.7,36.3058313,120.4968748,0.0
12.8,36.3058308,120.496875,0.0
12.9,36.3058304,120.4968752,0.0
13.0,36.30583,120.4968754,0.0
13.1,36.3058295,120.4968756,0.0
13.2,36.3058291,120.4968758,0.0
13.3,36.3058287,120.496876,0.0
13.4,36.3058283,120.4968762,0.0
13.5,36.3058278,120.4968764,0.0
13.6,36.3058274,120.4968766,0.0
13.7,36.3058269,120.4968768,0.0
13.8,36.3058265,120.496877,0.0
13.9,36.3058261,120.4968772,0.0
14.0,36.3058256,120.4968774,0.0
14.1,36.3058251,120.4968776,0.0
14.2,36.3058247,120.4968778,0.0
14.3,36.3058243,120.496878,0.0
14.4,36.3058239,120.4968782,0.0
14.5,36.3058234,120.4968784,0.0
14.6,36.305823,120.4968785,0.0
14.7,36.3058225,120.4968788,0.0
14.8,36.3058221,120.496879,0.0
14.9,36.3058216,120.4968791,0.0
15.0,36.3058212,120.4968793,0.0
15.1,36.3058208,120.4968795,0.0
15.2,36.3058203,120.4968797,0.0
15.3,36.3058198,120.4968798,0.0
15.4,36.3058194,120.49688,0.0
15.5,36.3058189,120.4968802,0.0
15.6,36.3058184,120.4968803,0.0
15.7,36.305818,120.4968806,0.0
15.8,36.3058176,120.4968807,0.0
15.9,36.3058172,120.4968809,0.0
16.0,36.3058167,120.4968812,0.0
16.1,36.3058163,120.4968814,0.0
16.2,36.3058159,120.4968816,0.0
16.3,36.3058154,120.4968819,0.0
16.4,36.3058149,120.4968821,0.0
16.5,36.3058145,120.4968823,0.0
16.6,36.305814,120.4968826,0.0
16.7,36.3058136,120.4968828,0.0
16.8,36.3058132,120.4968831,0.0
16.9,36.3058127,120.4968834,0.0
17.0,36.3058123,120.4968836,0.0
17.1,36.3058119,120.4968839,0.0
17.2,36.3058115,120.4968842,0.0
17.3,36.305811,120.4968846,0.0
17.4,36.3058106,120.4968849,0.0
17.5,36.3058103,120.4968852,0.0
17.6,36.3058099,120.4968855,0.0
17.7,36.3058094,120.4968858,0.0
17.8,36.305809,120.4968862,0.0
17.9,36.3058086,120.4968865,0.0
18.0,36.3058082,120.4968867,0.0
18.1,36.3058078,120.4968871,0.0
18.2,36.3058074,120.4968874,0.0
18.3,36.3058069,120.4968877,0.0
18.4,36.3058065,120.496888,0.0
18.5,36.3058062,120.4968884,0.0
18.6,36.3058058,120.4968887,0.0
18.7,36.3058053,120.4968891,0.0
18.8,36.305805,120.4968894,0.0
18.9,36.3058046,120.4968898,0.0
19.0,36.3058042,120.4968902,0.0
19.1,36.3058038,120.4968905,0.0
19.2,36.3058034,120.4968909,0.0
19.3,36.3058029,120.4968913,0.0
19.4,36.3058025,120.4968916,0.0
19.5,36.3058021,120.496892,0.0
19.6,36.3058017,120.4968924,0.0
19.7,36.3058014,120.4968928,0.0
19.8,36.305801,120.4968932,0.0
19.9,36.3058006,120.4968936,0.0
20.0,36.3058003,120.4968939,0.0
20.1,36.3057999,120.4968943,0.0
20.2,36.3057995,120.4968947,0.0
20.3,36.3057991,120.4968951,0.0
20.4,36.3057987,120.4968955,0.0
20.5,36.3057983,120.4968958,0.0
20.6,36.3057979,120.4968962,0.0
20.7,36.3057975,120.4968965,0.0
20.8,36.305797,120.4968969,0.0
20.9,36.3057966,120.4968972,0.0
21.0,36.3057961,120.4968975,0.0
21.1,36.3057957,120.4968979,0.0
21.2,36.3057953,120.4968981,0.0
21.3,36.3057948,120.4968985,0.0
21.4,36.3057945,120.4968988,0.0
21.5,36.305794,120.4968992,0.0
21.6,36.3057937,120.4968995,0.0
21.7,36.3057933,120.4968998,0.0
21.8,36.3057928,120.4969001,0.0
21.9,36.3057924,120.4969004,0.0
22.0,36.305792,120.4969007,0.0
22.1,36.3057915,120.4969009,0.0
22.2,36.3057911,120.4969012,0.0
22.3,36.3057906,120.4969015,0.0
22.4,36.3057902,120.4969018,0.0
22.5,36.3057897,120.4969021,0.0
22.6,36.3057893,120.4969024,0.0
22.7,36.3057889,120.4969027,0.0
22.8,36.3057884,120.4969029,0.0
22.9,36.305788,120.4969032,0.0
23.0,36.3057875,120.4969035,0.0
23.1,36.3057871,120.4969038,0.0
23.2,36.3057867,120.4969041,0.0
23.3,36.3057862,120.4969044,0.0
23.4,36.3057857,120.4969047,0.0
23.5,36.3057853,120.4969049,0.0
23.6,36.3057848,120.4969053,0.0
23.7,36.3057844,120.4969056,0.0
23.8,36.3057839,120.4969059,0.0
23.9,36.3057834,120.4969061,0.0
24.0,36.3057829,120.4969064,0.0
24.1,36.3057824,120.4969066,0.0
24.2,36.3057819,120.4969069,0.0
24.3,36.3057815,120.4969071,0.0
24.4,36.305781,120.4969073,0.0
24.5,36.3057805,120.4969075,0.0
24.6,36.30578,120.4969077,0.0
24.7,36.3057796,120.4969079,0.0
24.8,36.3057791,120.4969081,0.0
24.9,36.3057786,120.4969083,0.0
25.0,36.3057781,120.4969083,0.0
25.1,36.3057776,120.4969085,0.0
25.2,36.3057772,120.4969087,0.0
25.3,36.3057767,120.4969088,0.0
25.4,36.3057762,120.496909,0.0
25.5,36.3057757,120.496909,0.0
25.6,36.3057751,120.4969091,0.0
25.7,36.3057747,120.4969093,0.0
25.8,36.3057741,120.4969094,0.0
25.9,36.3057736,120.4969095,0.0
26.0,36.3057731,120.4969095,0.0
26.1,36.3057726,120.4969097,0.0
26.2,36.3057721,120.4969098,0.0
26.3,36.3057715,120.4969098,0.0
26.4,36.305771,120.4969099,0.0
26.5,36.3057705,120.49691,0.0
26.6,36.30577,120.4969101,0.0
26.7,36.3057694,120.4969101,0.0
26.8,36.3057689,120.4969101,0.0
26.9,36.3057683,120.4969102,0.0
27.0,36.3057678,120.4969103,0.0
27.1,36.3057672,120.4969103,0.0
27.2,36.3057666,120.4969103,0.0
27.3,36.3057661,120.4969104,0.0
27.4,36.3057656,120.4969105,0.0
27.5,36.3057651,120.4969105,0.0
27.6,36.3057646,120.4969106,0.0
27.7,36.3057641,120.4969107,0.0
27.8,36.3057635,120.4969108,0.0
27.9,36.305763,120.4969108,0.0
28.0,36.3057625,120.4969109,0.0
28.1,36.305762,120.496911,0.0
28.2,36.3057615,120.496911,0.0
28.3,36.3057609,120.4969111,0.0
28.4,36.3057604,120.4969112,0.0
28.5,36.3057599,120.4969112,0.0
28.6,36.3057593,120.4969112,0.0
28.7,36.3057587,120.4969112,0.0
28.8,36.3057582,120.4969112,0.0
28.9,36.3057576,120.4969112,0.0
29.0,36.3057571,120.4969112,0.0
29.1,36.3057565,120.4969111,0.0
29.2,36.305756,120.496911,0.0
29.3,36.3057555,120.496911,0.0
29.4,36.305755,120.496911,0.0
29.5,36.3057544,120.4969109,0.0
29.6,36.3057539,120.4969108,0.0
29.7,36.3057533,120.4969107,0.0
29.8,36.3057528,120.4969107,0.0
29.9,36.3057523,120.4969105,0.0
30.0,36.3057518,120.4969105,0.0
30.1,36.3057513,120.4969103,0.0
30.2,36.3057508,120.4969102,0.0
30.3,36.3057502,120.4969101,0.0
30.4,36.3057497,120.49691,0.0
30.5,36.3057492,120.4969098,0.0
30.6,36.3057486,120.4969096,0.0
30.7,36.3057481,120.4969095,0.0
30.8,36.3057476,120.4969093,0.0
30.9,36.305747,120.4969091,0.0
31.0,36.3057465,120.4969088,0.0
31.1,36.305746,120.4969086,0.0
31.2,36.3057455,120.4969083,0.0
31.3,36.3057451,120.4969082,0.0
31.4,36.3057446,120.4969079,0.0
31.5,36.3057441,120.4969076,0.0
31.6,36.3057436,120.4969073,0.0
31.7,36.3057432,120.4969071,0.0
31.8,36.3057427,120.4969068,0.0
31.9,36.3057422,120.4969065,0.0
32.0,36.3057418,120.4969062,0.0
32.1,36.3057413,120.4969059,0.0
32.2,36.3057408,120.4969056,0.0
32.3,36.3057403,120.4969053,0.0
32.4,36.3057399,120.4969049,0.0
32.5,36.3057395,120.4969047,0.0
32.6,36.305739,120.4969044,0.0
32.7,36.3057385,120.4969041,0.0
32.8,36.305738,120.4969038,0.0
32.9,36.3057376,120.4969034,0.0
33.0,36.3057371,120.4969031,0.0
33.1,36.3057366,120.4969028,0.0
33.2,36.3057361,120.4969024,0.0
33.3,36.3057356,120.4969021,0.0
33.4,36.3057352,120.4969018,0.0
33.5,36.3057347,120.4969015,0.0
33.6,36.3057343,120.4969011,0.0
33.7,36.3057338,120.4969007,0.0
33.8,36.3057333,120.4969004,0.0
33.9,36.3057328,120.4969001,0.0
34.0,36.3057324,120.4968998,0.0
34.1,36.3057319,120.4968994,0.0
34.2,36.3057314,120.4968989,0.0
34.3,36.305731,120.4968985,0.0
34.4,36.3057306,120.496898,0.0
34.5,36.3057302,120.4968976,0.0
34.6,36.3057298,120.496897,0.0
34.7,36.3057294,120.4968966,0.0
34.8,36.305729,120.4968961,0.0
34.9,36.3057286,120.4968956,0.0
35.0,36.3057282,120.496895,0.0
35.1,36.3057279,120.4968945,0.0
35.2,36.3057275,120.4968939,0.0
35.3,36.3057272,120.4968934,0.0
35.4,36.3057269,120.4968929,0.0
35.5,36.3057265,120.4968924,0.0
35.6,36.3057261,120.4968917,0.0
35.7,36.3057259,120.4968912,0.0
35.8,36.3057255,120.4968906,0.0
35.9,36.3057252,120.4968899,0.0
36.0,36.3057249,120.4968892,0.0
36.1,36.3057248,120.4968888,0.0
36.2,36.3057244,120.4968882,0.0
36.3,36.3057241,120.4968876,0.0
36.4,36.3057239,120.4968868,0.0
36.5,36.3057237,120.4968863,0.0
36.6,36.3057235,120.4968856,0.0
36.7,36.3057233,120.496885,0.0
36.8,36.305723,120.4968843,0.0
36.9,36.3057229,120.4968836,0.0
37.0,36.3057227,120.4968829,0.0
37.1,36.3057225,120.4968822,0.0
37.2,36.3057223,120.4968816,0.0
37.3,36.3057221,120.4968808,0.0
37.4,36.305722,120.4968801,0.0
37.5,36.3057219,120.4968793,0.0
37.6,36.3057217,120.4968785,0.0
37.7,36.3057215,120.4968777,0.0
37.8,36.3057214,120.496877,0.0
37.9,36.3057214,120.4968762,0.0
38.0,36.3057213,120.4968754,0.0
38.1,36.3057212,120.4968746,0.0
38.2,36.3057211,120.4968738,0.0
38.3,36.3057211,120.496873,0.0
38.4,36.3057211,120.4968723,0.0
38.5,36.3057211,120.4968716,0.0
38.6,36.3057211,120.4968708,0.0
38.7,36.3057212,120.4968701,0.0
38.8,36.3057212,120.4968693,0.0
38.9,36.3057212,120.4968686,0.0
39.0,36.3057213,120.4968679,0.0
39.1,36.3057214,120.496867,0.0
39.2,36.3057215,120.4968663,0.0
39.3,36.3057215,120.4968655,0.0
39.4,36.3057217,120.4968648,0.0
39.5,36.3057219,120.4968641,0.0
39.6,36.3057221,120.4968634,0.0
39.7,36.3057222,120.4968627,0.0
39.8,36.3057223,120.496862,0.0
39.9,36.3057226,120.4968613,0.0
40.0,36.3057228,120.4968607,0.0
40.1,36.3057229,120.4968599,0.0
40.2,36.3057232,120.4968594,0.0
40.3,36.3057234,120.4968586,0.0
40.4,36.3057237,120.4968579,0.0
40.5,36.305724,120.4968573,0.0
40.6,36.3057242,120.4968566,0.0
40.7,36.3057245,120.496856,0.0
40.8,36.3057248,120.4968554,0.0
40.9,36.3057251,120.4968547,0.0
41.0,36.3057254,120.4968541,0.0
41.1,36.3057258,120.4968535,0.0
41.2,36.3057262,120.4968529,0.0
41.3,36.3057266,120.4968525,0.0
41.4,36.3057269,120.4968519,0.0
41.5,36.3057273,120.4968514,0.0
41.6,36.3057277,120.4968508,0.0
41.7,36.3057281,120.4968504,0.0
41.8,36.3057285,120.4968499,0.0
41.9,36.305729,120.4968494,0.0
42.0,36.3057294,120.496849,0.0
42.1,36.3057298,120.4968485,0.0
42.2,36.3057303,120.496848,0.0
42.3,36.3057307,120.4968476,0.0
42.4,36.3057312,120.4968471,0.0
42.5,36.3057317,120.4968468,0.0
42.6,36.3057321,120.4968463,0.0
42.7,36.3057326,120.4968459,0.0
42.8,36.3057331,120.4968455,0.0
42.9,36.3057336,120.4968451,0.0
43.0,36.305734,120.4968447,0.0
43.1,36.3057345,120.4968444,0.0
43.2,36.305735,120.496844,0.0
43.3,36.3057355,120.4968437,0.0
43.4,36.305736,120.4968433,0.0
43.5,36.3057365,120.496843,0.0
43.6,36.3057369,120.4968426,0.0
43.7,36.3057374,120.4968423,0.0
43.8,36.3057379,120.4968419,0.0
43.9,36.3057384,120.4968416,0.0
44.0,36.3057389,120.4968413,0.0
44.1,36.3057394,120.496841,0.0
44.2,36.3057399,120.4968407,0.0
44.3,36.3057404,120.4968404,0.0
44.4,36.3057409,120.4968401,0.0
44.5,36.3057414,120.4968399,0.0
44.6,36.3057418,120.4968396,0.0
44.7,36.3057424,120.4968394,0.0
44.8,36.3057429,120.4968391,0.0
44.9,36.3057434,120.4968388,0.0
45.0,36.3057439,120.4968385,0.0
45.1,36.3057444,120.4968382,0.0
45.2,36.3057449,120.4968379,0.0
45.3,36.3057454,120.4968376,0.0
45.4,36.3057459,120.4968374,0.0
45.5,36.3057464,120.4968371,0.0
45.6,36.3057469,120.4968369,0.0
45.7,36.3057474,120.4968366,0.0
45.8,36.3057479,120.4968363,0.0
45.9,36.3057484,120.4968361,0.0
46.0,36.3057489,120.4968359,0.0
46.1,36.3057494,120.4968356,0.0
46.2,36.3057499,120.4968354,0.0
46.3,36.3057504,120.4968351,0.0
46.4,36.305751,120.4968348,0.0
46.5,36.3057515,120.4968346,0.0
46.6,36.305752,120.4968344,0.0
46.7,36.3057525,120.4968341,0.0
46.8,36.3057531,120.496834,0.0
46.9,36.3057536,120.4968338,0.0
47.0,36.3057541,120.4968336,0.0
47.1,36.3057546,120.4968334,0.0
47.2,36.3057551,120.4968331,0.0
47.3,36.3057556,120.4968329,0.0
47.4,36.3057561,120.4968327,0.0
47.5,36.3057566,120.4968326,0.0
47.6,36.3057571,120.4968324,0.0
47.7,36.3057576,120.4968323,0.0
47.8,36.3057581,120.4968321,0.0
47.9,36.3057586,120.4968319,0.0
48.0,36.3057591,120.4968318,0.0
48.1,36.3057596,120.4968317,0.0
48.2,36.3057601,120.4968316,0.0
48.3,36.3057606,120.4968313,0.0
48.4,36.305761,120.4968311,0.0
48.5,36.3057615,120.4968308,0.0
48.6,36.305762,120.4968307,0.0
48.7,36.3057625,120.4968305,0.0
48.8,36.305763,120.4968302,0.0
48.9,36.3057634,120.49683,0.0
49.0,36.3057639,120.4968298,0.0
49.1,36.3057643,120.4968295,0.0
49.2,36.3057648,120.4968293,0.0
49.3,36.3057653,120.496829,0.0
49.4,36.3057657,120.4968287,0.0
49.5,36.3057662,120.4968284,0.0
49.6,36.3057666,120.4968282,0.0
49.7,36.3057671,120.496828,0.0
49.8,36.3057675,120.4968277,0.0
49.9,36.305768,120.4968274,0.0
50.0,36.3057685,120.4968271,0.0
50.1,36.3057689,120.4968268,0.0
50.2,36.3057694,120.4968264,0.0
50.3,36.3057699,120.4968261,0.0
50.4,36.3057703,120.4968258,0.0
50.5,36.3057708,120.4968255,0.0
50.6,36.3057712,120.4968252,0.0
50.7,36.3057716,120.4968249,0.0
50.8,36.3057721,120.4968246,0.0
50.9,36.3057725,120.4968243,0.0
51.0,36.305773,120.496824,0.0
51.1,36.3057734,120.4968237,0.0
51.2,36.3057739,120.4968234,0.0
51.3,36.3057743,120.4968231,0.0
51.4,36.3057747,120.4968227,0.0
51.5,36.3057751,120.4968224,0.0
51.6,36.3057755,120.4968221,0.0
51.7,36.305776,120.4968217,0.0
51.8,36.3057764,120.4968214,0.0
51.9,36.3057769,120.4968211,0.0
52.0,36.3057773,120.4968207,0.0
52.1,36.3057777,120.4968203,0.0
52.2,36.3057782,120.49682,0.0
52.3,36.3057786,120.4968197,0.0
52.4,36.305779,120.4968192,0.0
52.5,36.3057795,120.4968188,0.0
52.6,36.3057799,120.4968184,0.0
52.7,36.3057804,120.496818,0.0
52.8,36.3057809,120.4968176,0.0
52.9,36.3057813,120.4968172,0.0
53.0,36.3057818,120.4968168,0.0
53.1,36.3057823,120.4968165,0.0
53.2,36.3057827,120.4968161,0.0
53.3,36.3057832,120.4968158,0.0
53.4,36.3057837,120.4968155,0.0
53.5,36.3057842,120.4968152,0.0
53.6,36.3057847,120.4968148,0.0
53.7,36.3057852,120.4968145,0.0
53.8,36.3057857,120.4968142,0.0
53.9,36.3057863,120.4968139,0.0
54.0,36.3057867,120.4968136,0.0
54.1,36.3057873,120.4968133,0.0
54.2,36.3057878,120.496813,0.0
54.3,36.3057883,120.4968128,0.0
54.4,36.3057888,120.4968126,0.0
54.5,36.3057893,120.4968123,0.0
54.6,36.3057899,120.4968121,0.0
54.7,36.3057904,120.4968119,0.0
54.8,36.305791,120.4968116,0.0
54.9,36.3057915,120.4968114,0.0
55.0,36.305792,120.4968112,0.0
55.1,36.3057926,120.496811,0.0
55.2,36.3057932,120.4968109,0.0
55.3,36.3057938,120.4968107,0.0
55.4,36.3057943,120.4968105,0.0
55.5,36.3057948,120.4968103,0.0
55.6,36.3057954,120.4968102,0.0
55.7,36.305796,120.4968101,0.0
55.8,36.3057965,120.4968101,0.0
55.9,36.3057971,120.4968099,0.0
56.0,36.3057977,120.4968099,0.0
56.1,36.3057982,120.4968098,0.0
56.2,36.3057987,120.4968097,0.0
56.3,36.3057993,120.4968097,0.0
56.4,36.3057998,120.4968097,0.0
56.5,36.3058003,120.4968099,0.0
56.6,36.3058008,120.4968099,0.0
56.7,36.3058014,120.4968101,0.0
56.8,36.3058019,120.4968101,0.0
56.9,36.3058024,120.4968103,0.0
57.0,36.3058029,120.4968104,0.0
57.1,36.3058033,120.4968105,0.0
57.2,36.3058038,120.4968106,0.0
57.3,36.3058043,120.4968106,0.0
57.4,36.3058047,120.4968106,0.0
57.5,36.3058052,120.4968108,0.0
57.6,36.3058057,120.4968109,0.0
57.7,36.3058062,120.496811,0.0
57.8,36.3058065,120.496811,0.0
57.9,36.305807,120.4968111,0.0
58.0,36.3058074,120.4968111,0.0
58.1,36.3058079,120.4968111,0.0
58.2,36.3058084,120.4968112,0.0
58.3,36.3058088,120.4968112,0.0
58.4,36.3058092,120.4968113,0.0
58.5,36.3058096,120.4968112,0.0
58.6,36.3058101,120.4968111,0.0
58.7,36.3058105,120.4968111,0.0
58.8,36.3058109,120.496811,0.0
58.9,36.3058113,120.496811,0.0
59.0,36.3058118,120.4968109,0.0
59.1,36.3058123,120.4968109,0.0
59.2,36.3058128,120.4968108,0.0
59.3,36.3058132,120.4968107,0.0
59.4,36.3058137,120.4968106,0.0
59.5,36.3058141,120.4968105,0.0
59.6,36.3058146,120.4968104,0.0
59.7,36.305815,120.4968102,0.0
59.8,36.3058154,120.4968101,0.0
59.9,36.3058159,120.4968099,0.0
60.0,36.3058163,120.4968097,0.0
60.1,36.3058167,120.4968095,0.0
60.2,36.3058171,120.4968092,0.0
60.3,36.3058176,120.4968089,0.0
60.4,36.305818,120.4968086,0.0
60.5,36.3058183,120.4968083,0.0
60.6,36.3058187,120.496808,0.0
60.7,36.3058191,120.4968077,0.0
60.8,36.3058195,120.4968075,0.0
60.9,36.3058199,120.4968072,0.0
61.0,36.3058202,120.4968068,0.0
61.1,36.3058206,120.4968065,0.0
61.2,36.3058209,120.496806,0.0
61.3,36.3058212,120.4968057,0.0
61.4,36.3058215,120.4968053,0.0
61.5,36.3058218,120.4968048,0.0
61.6,36.3058221,120.4968043,0.0
61.7,36.3058225,120.496804,0.0
61.8,36.3058229,120.4968036,0.0
61.9,36.3058232,120.4968031,0.0
62.0,36.3058235,120.4968026,0.0
62.1,36.3058238,120.4968021,0.0
62.2,36.3058242,120.4968015,0.0
62.3,36.3058245,120.496801,0.0
62.4,36.3058249,120.4968006,0.0
62.5,36.3058253,120.4968002,0.0
62.6,36.3058257,120.4967997,0.0
62.7,36.3058261,120.4967991,0.0
62.8,36.3058266,120.4967986,0.0
62.9,36.305827,120.4967982,0.0
63.0,36.3058275,120.4967977,0.0
63.1,36.3058279,120.4967973,0.0
63.2,36.3058284,120.4967969,0.0
63.3,36.3058289,120.4967965,0.0
63.4,36.3058294,120.4967961,0.0
63.5,36.3058299,120.4967957,0.0
63.6,36.3058304,120.4967954,0.0
63.7,36.3058309,120.4967951,0.0
63.8,36.3058313,120.4967949,0.0
63.9,36.3058318,120.4967946,0.0
64.0,36.3058324,120.4967942,0.0
64.1,36.3058329,120.4967939,0.0
64.2,36.3058334,120.4967937,0.0
64.3,36.3058339,120.4967934,0.0
64.4,36.3058344,120.4967932,0.0
64.5,36.305835,120.496793,0.0
64.6,36.3058355,120.4967928,0.0
64.7,36.3058361,120.4967926,0.0
64.8,36.3058366,120.4967924,0.0
64.9,36.305837,120.4967922,0.0
65.0,36.3058376,120.4967921,0.0
65.1,36.3058381,120.4967919,0.0
65.2,36.3058386,120.4967917,0.0
65.3,36.3058391,120.4967916,0.0
65.4,36.3058396,120.4967915,0.0
65.5,36.3058401,120.4967913,0.0
65.6,36.3058406,120.4967912,0.0
65.7,36.3058411,120.496791,0.0
65.8,36.3058416,120.4967909,0.0
65.9,36.3058421,120.4967907,0.0
66.0,36.3058426,120.4967905,0.0
66.1,36.3058431,120.4967903,0.0
66.2,36.3058436,120.4967902,0.0
66.3,36.3058442,120.49679,0.0
66.4,36.3058447,120.4967899,0.0
66.5,36.3058452,120.4967898,0.0
66.6,36.3058457,120.4967896,0.0
66.7,36.3058462,120.4967895,0.0
66.8,36.3058467,120.4967893,0.0
66.9,36.3058472,120.4967892,0.0
67.0,36.3058477,120.4967891,0.0
67.1,36.3058482,120.4967889,0.0
67.2,36.3058487,120.4967888,0.0
67.3,36.3058492,120.4967887,0.0
67.4,36.3058496,120.4967885,0.0
67.5,36.3058502,120.4967884,0.0
67.6,36.3058506,120.4967882,0.0
67.7,36.3058511,120.4967881,0.0
67.8,36.3058516,120.496788,0.0
67.9,36.3058521,120.4967879,0.0
68.0,36.3058525,120.4967877,0.0
68.1,36.305853,120.4967876,0.0
68.2,36.3058535,120.4967875,0.0
68.3,36.3058541,120.4967874,0.0
68.4,36.3058545,120.4967872,0.0
68.5,36.305855,120.4967871,0.0
68.6,36.3058555,120.496787,0.0
68.7,36.305856,120.496787,0.0
68.8,36.3058565,120.4967869,0.0
68.9,36.305857,120.4967868,0.0
69.0,36.3058575,120.4967866,0.0
69.1,36.305858,120.4967865,0.0
69.2,36.3058584,120.4967864,0.0
69.3,36.3058589,120.4967863,0.0
69.4,36.3058594,120.4967862,0.0
69.5,36.3058599,120.4967861,0.0
69.6,36.3058604,120.496786,0.0
69.7,36.3058609,120.4967858,0.0
69.8,36.3058614,120.4967857,0.0
69.9,36.3058619,120.4967857,0.0
70.0,36.3058624,120.4967855,0.0
70.1,36.3058629,120.4967854,0.0
70.2,36.3058634,120.4967853,0.0
70.3,36.3058639,120.4967852,0.0
70.4,36.3058644,120.4967851,0.0
70.5,36.3058649,120.496785,0.0
70.6,36.3058653,120.4967848,0.0
70.7,36.3058658,120.4967846,0.0
70.8,36.3058663,120.4967845,0.0
70.9,36.3058668,120.4967844,0.0
71.0,36.3058673,120.4967842,0.0
71.1,36.3058678,120.4967841,0.0
71.2,36.3058683,120.496784,0.0
71.3,36.3058688,120.4967839,0.0
71.4,36.3058693,120.4967837,0.0
71.5,36.3058698,120.4967837,0.0
71.6,36.3058703,120.4967835,0.0
71.7,36.3058709,120.4967834,0.0
71.8,36.3058714,120.4967832,0.0
71.9,36.3058719,120.4967831,0.0
72.0,36.3058725,120.4967831,0.0
72.1,36.3058731,120.4967831,0.0
72.2,36.3058737,120.496783,0.0
72.3,36.3058742,120.496783,0.0
72.4,36.3058748,120.496783,0.0
72.5,36.3058754,120.496783,0.0
72.6,36.3058759,120.496783,0.0
72.7,36.3058765,120.496783,0.0
72.8,36.305877,120.496783,0.0
72.9,36.3058776,120.496783,0.0
73.0,36.3058781,120.4967831,0.0
73.1,36.3058787,120.4967831,0.0
73.2,36.3058793,120.4967832,0.0
73.3,36.3058798,120.4967832,0.0
73.4,36.3058803,120.4967833,0.0
73.5,36.3058809,120.4967834,0.0
73.6,36.3058814,120.4967835,0.0
73.7,36.305882,120.4967837,0.0
73.8,36.3058825,120.4967838,0.0
73.9,36.305883,120.496784,0.0
74.0,36.3058835,120.4967842,0.0
74.1,36.305884,120.4967843,0.0
74.2,36.3058845,120.4967846,0.0
74.3,36.3058851,120.4967848,0.0
74.4,36.3058855,120.496785,0.0
74.5,36.3058861,120.4967851,0.0
74.6,36.3058866,120.4967853,0.0
74.7,36.3058871,120.4967856,0.0
74.8,36.3058876,120.4967858,0.0
74.9,36.3058881,120.496786,0.0
75.0,36.3058886,120.4967863,0.0
75.1,36.305889,120.4967865,0.0
75.2,36.3058895,120.4967868,0.0
75.3,36.30589,120.496787,0.0
75.4,36.3058904,120.4967872,0.0
75.5,36.3058909,120.4967874,0.0
75.6,36.3058914,120.4967877,0.0
75.7,36.3058918,120.496788,0.0
75.8,36.3058922,120.4967883,0.0
75.9,36.3058927,120.4967885,0.0
76.0,36.3058931,120.4967888,0.0
76.1,36.3058935,120.4967891,0.0
76.2,36.3058939,120.4967895,0.0
76.3,36.3058944,120.4967898,0.0
76.4,36.3058948,120.4967904,0.0
76.5,36.3058953,120.4967908,0.0
76.6,36.3058956,120.4967911,0.0
76.7,36.3058961,120.4967918,0.0
76.8,36.3058965,120.4967922,0.0
76.9,36.3058969,120.4967927,0.0
77.0,36.3058972,120.4967931,0.0
77.1,36.3058976,120.4967936,0.0
77.2,36.305898,120.496794,0.0
77.3,36.3058984,120.4967946,0.0
77.4,36.3058987,120.4967952,0.0
77.5,36.305899,120.4967958,0.0
77.6,36.3058993,120.4967963,0.0
77.7,36.3058995,120.4967969,0.0
77.8,36.3058998,120.4967975,0.0
77.9,36.3059,120.4967981,0.0
78.0,36.3059002,120.4967987,0.0
78.1,36.3059005,120.4967995,0.0
78.2,36.3059006,120.4968,0.0
78.3,36.3059008,120.4968005,0.0
78.4,36.3059009,120.4968013,0.0
78.5,36.305901,120.4968018,0.0
78.6,36.305901,120.4968024,0.0
78.7,36.3059011,120.496803,0.0
78.8,36.3059011,120.4968036,0.0
78.9,36.3059011,120.4968042,0.0
79.0,36.3059011,120.4968047,0.0
79.1,36.3059011,120.4968054,0.0
79.2,36.3059011,120.4968059,0.0
79.3,36.3059011,120.4968066,0.0
79.4,36.305901,120.4968071,0.0
79.5,36.3059009,120.4968076,0.0
79.6,36.3059008,120.4968082,0.0
79.7,36.3059008,120.4968087,0.0
79.8,36.3059006,120.4968092,0.0
79.9,36.3059004,120.4968095,0.0
80.0,36.3059003,120.4968101,0.0
80.1,36.3059001,120.4968106,0.0
80.2,36.3059,120.4968111,0.0
80.3,36.3058998,120.4968115,0.0
80.4,36.3058996,120.4968119,0.0
80.5,36.3058994,120.4968125,0.0
80.6,36.3058994,120.4968131,0.0
80.7,36.3058993,120.4968136,0.0
80.8,36.305899,120.4968141,0.0
80.9,36.3058989,120.4968146,0.0
81.0,36.3058988,120.4968151,0.0
81.1,36.3058986,120.4968156,0.0
81.2,36.3058985,120.4968161,0.0
81.3,36.3058983,120.4968165,0.0
81.4,36.3058982,120.4968171,0.0
81.5,36.305898,120.4968176,0.0
81.6,36.3058978,120.496818,0.0
81.7,36.3058976,120.4968186,0.0
81.8,36.3058975,120.4968192,0.0
81.9,36.3058973,120.4968196,0.0
82.0,36.3058971,120.4968202,0.0
82.1,36.305897,120.4968207,0.0
82.2,36.3058968,120.4968212,0.0
82.3,36.3058966,120.4968217,0.0
82.4,36.3058964,120.4968222,0.0
82.5,36.3058963,120.4968227,0.0
82.6,36.3058962,120.4968233,0.0
82.7,36.3058961,120.4968238,0.0
82.8,36.3058959,120.4968243,0.0
82.9,36.3058956,120.4968248,0.0
83.0,36.3058955,120.4968253,0.0
83.1,36.3058955,120.496826,0.0
83.2,36.3058954,120.4968265,0.0
83.3,36.3058952,120.496827,0.0
83.4,36.3058949,120.4968275,0.0
83.5,36.3058947,120.496828,0.0
83.6,36.3058945,120.4968286,0.0
83.7,36.3058943,120.4968291,0.0
83.8,36.3058941,120.4968297,0.0
83.9,36.3058938,120.4968302,0.0
84.0,36.3058936,120.4968306,0.0
84.1,36.3058934,120.4968312,0.0
84.2,36.3058931,120.4968316,0.0
84.3,36.3058929,120.4968321,0.0
84.4,36.3058926,120.4968326,0.0
84.5,36.3058924,120.4968332,0.0
84.6,36.3058921,120.4968337,0.0
84.7,36.3058918,120.4968342,0.0
84.8,36.3058915,120.4968347,0.0
84.9,36.3058912,120.4968352,0.0
85.0,36.305891,120.4968356,0.0
85.1,36.3058908,120.4968361,0.0
85.2,36.3058905,120.4968366,0.0
85.3,36.3058902,120.4968371,0.0
85.4,36.3058899,120.4968376,0.0
85.5,36.3058896,120.4968381,0.0
85.6,36.3058893,120.4968386,0.0
85.7,36.305889,120.496839,0.0
85.8,36.3058887,120.4968395,0.0
85.9,36.3058884,120.4968399,0.0
86.0,36.3058882,120.4968404,0.0
86.1,36.3058879,120.4968407,0.0
86.2,36.3058875,120.4968411,0.0
86.3,36.3058873,120.4968417,0.0
86.4,36.305887,120.4968421,0.0
86.5,36.3058867,120.4968426,0.0
86.6,36.3058864,120.4968431,0.0
86.7,36.3058861,120.4968436,0.0
86.8,36.3058858,120.496844,0.0
86.9,36.3058855,120.4968445,0.0
87.0,36.3058852,120.4968449,0.0
87.1,36.3058849,120.4968455,0.0
87.2,36.3058845,120.4968459,0.0
87.3,36.3058841,120.4968463,0.0
87.4,36.3058838,120.4968468,0.0
87.5,36.3058835,120.4968473,0.0
87.6,36.3058831,120.4968476,0.0
87.7,36.3058827,120.496848,0.0
87.8,36.3058823,120.4968485,0.0
87.9,36.3058818,120.4968488,0.0
88.0,36.3058815,120.4968493,0.0
88.1,36.3058811,120.4968497,0.0
88.2,36.3058806,120.49685,0.0
88.3,36.3058801,120.4968503,0.0
88.4,36.3058797,120.4968506,0.0
88.5,36.3058793,120.496851,0.0
88.6,36.3058788,120.4968514,0.0
88.7,36.3058784,120.4968517,0.0
88.8,36.3058779,120.4968521,0.0
88.9,36.3058775,120.4968525,0.0
89.0,36.3058771,120.4968528,0.0
89.1,36.3058765,120.496853,0.0
89.2,36.3058761,120.4968533,0.0
89.3,36.3058756,120.4968537,0.0
89.4,36.3058752,120.496854,0.0
89.5,36.3058747,120.4968542,0.0
89.6,36.3058741,120.4968545,0.0
89.7,36.3058736,120.4968548,0.0
89.8,36.3058731,120.496855,0.0
89.9,36.3058726,120.4968553,0.0
90.0,36.3058721,120.4968556,0.0
90.1,36.3058716,120.4968558,0.0
90.2,36.3058711,120.496856,0.0
90.3,36.3058706,120.4968564,0.0
90.4,36.3058701,120.4968566,0.0
90.5,36.3058695,120.4968568,0.0
90.6,36.305869,120.496857,0.0
90.7,36.3058685,120.4968573,0.0
90.8,36.3058679,120.4968576,0.0
90.9,36.3058674,120.4968579,0.0
91.0,36.3058668,120.496858,0.0
91.1,36.3058663,120.4968583,0.0
91.2,36.3058657,120.4968585,0.0
91.3,36.3058652,120.4968588,0.0
91.4,36.3058646,120.496859,0.0
91.5,36.3058642,120.4968594,0.0
91.6,36.305864,120.4968596,0.0
91.7,36.3058639,120.4968594,0.0
91.8,36.3058639,120.4968593,0.0
91.9,36.3058639,120.4968592,0.0
92.0,36.305864,120.4968593,0.0
92.1,36.305864,120.4968593,0.0
92.2,36.305864,120.4968593,0.0
92.3,36.305864,120.4968593,0.0
92.4,36.305864,120.4968593,0.0
92.5,36.3058639,120.4968593,0.0
92.6,36.3058639,120.4968594,0.0
92.7,36.3058638,120.4968593,0.0
92.8,36.3058638,120.4968593,0.0
92.9,36.3058638,120.4968593,0.0
93.0,36.3058638,120.4968593,0.0
93.1,36.3058638,120.4968593,0.0
93.2,36.3058638,120.4968593,0.0
93.3,36.3058638,120.4968593,0.0
93.4,36.3058638,120.4968593,0.0
93.5,36.3058638,120.4968593,0.0
93.6,36.3058638,120.4968593,0.0
93.7,36.3058637,120.4968593,0.0
93.8,36.3058638,120.4968593,0.0
93.9,36.3058637,120.4968593,0.0
94.0,36.3058638,120.4968593,0.0
94.1,36.3058637,120.4968593,0.0
94.2,36.3058637,120.4968593,0.0
94.3,36.3058638,120.4968594,0.0
94.4,36.3058637,120.4968594,0.0
94.5,36.3058637,120.4968593,0.0
94.6,36.3058637,120.4968594,0.0
94.7,36.3058637,120.4968594,0.0
94.8,36.3058637,120.4968594,0.0
94.9,36.3058637,120.4968593,0.0
95.0,36.3058637,120.4968593,0.0
95.1,36.3058637,120.4968594,0.0
95.2,36.3058637,120.4968594,0.0
95.3,36.3058637,120.4968593,0.0
95.4,36.3058637,120.4968593,0.0
95.5,36.3058637,120.4968594,0.0
95.6,36.3058637,120.4968594,0.0
95.7,36.3058637,120.4968594,0.0
95.8,36.3058637,120.4968594,0.0
95.9,36.3058637,120.4968594,0.0
96.0,36.3058637,120.4968594,0.0
96.1,36.3058637,120.4968594,0.0
96.2,36.3058637,120.4968594,0.0
96.3,36.3058637,120.4968594,0.0
96.4,36.3058637,120.4968594,0.0
96.5,36.3058636,120.4968594,0.0
96.6,36.3058636,120.4968594,0.0
96.7,36.3058636,120.4968594,0.0
96.8,36.3058636,120.4968594,0.0
96.9,36.3058636,120.4968594,0.0
97.0,36.3058636,120.4968594,0.0
97.1,36.3058636,120.4968594,0.0
97.2,36.3058636,120.4968594,0.0
97.3,36.3058636,120.4968594,0.0
97.4,36.3058636,120.4968594,0.0
97.5,36.3058636,120.4968594,0.0
97.6,36.3058635,120.4968594,0.0
97.7,36.3058635,120.4968594,0.0
97.8,36.3058635,120.4968594,0.0
97.9,36.3058635,120.4968594,0.0
98.0,36.3058635,120.4968594,0.0
98.1,36.3058635,120.4968595,0.0
98.2,36.3058635,120.4968594,0.0
98.3,36.3058635,120.4968594,0.0
98.4,36.3058635,120.4968594,0.0
98.5,36.3058635,120.4968594,0.0
98.6,36.3058635,120.4968594,0.0
98.7,36.3058635,120.4968594,0.0
98.8,36.3058635,120.4968594,0.0
98.9,36.3058635,120.4968594,0.0
99.0,36.3058635,120.4968595,0.0
99.1,36.3058635,120.4968594,0.0
99.2,36.3058635,120.4968594,0.0
99.3,36.3058635,120.4968594,0.0
99.4,36.3058635,120.4968594,0.0
99.5,36.3058635,120.4968594,0.0
99.6,36.3058635,120.4968594,0.0
99.7,36.3058635,120.4968594,0.0
99.8,36.3058635,120.4968594,0.0
99.9,36.3058635,120.4968594,0.0
